0-01.RU	R01-RU	29.10.2010	29.10.2015	29.11.2015	1
bagandwallet.ru	R01-RU	29.10.2010	29.10.2015	29.11.2015	1
weekend-billiard.ru	R01-RU	29.10.2010	29.10.2015	29.11.2015	1
0-03.RU	R01-RU	22.03.2014	22.03.2015	22.04.2015	1
0-04.RU	REGRU-RU	12.12.2013	12.12.2014	12.01.2015	1
0-05.RU	REGRU-RU	04.03.2013	04.03.2015	04.04.2015	1
0-07.RU	R01-RU	25.11.2013	25.11.2014	26.12.2014	1
0-0ATLANT-BIRUSA-INDEZIT.RU	REGRU-RU	03.12.2013	03.12.2014	03.01.2015	1
0-0STORE.RU	REGGI-RU	22.09.2011	22.09.2014	23.10.2014	1
0-1-0.RU	REGRU-RU	10.05.2014	10.05.2015	10.06.2015	1
0-1-1-2-3-5-8-13-21-34-55-89-144-233-377-610-987-1597-2584-4181.RU	REGRU-RU	11.04.2011	11.04.2015	12.05.2015	1
0-1-2.RU	REGRU-RU	05.09.2008	05.09.2015	06.10.2015	1
0-1.RU	RU-CENTER-RU	22.03.2000	01.04.2015	02.05.2015	1
0-10.RU	REGISTRATOR-RU	22.01.2010	22.01.2015	22.02.2015	1
0-100.RU	RU-CENTER-RU	17.07.2008	17.07.2015	17.08.2015	0
0-1000V.RU	REGRU-RU	15.02.2011	15.02.2015	18.03.2015	1
0-1000VOLT.RU	RU-CENTER-RU	04.01.2014	04.01.2015	04.02.2015	0
0-100KM.RU	R01-RU	26.01.2010	26.01.2015	26.02.2015	1
0-10KV.RU	REGRU-RU	18.02.2014	18.02.2015	21.03.2015	1
0-11.RU	NAUNET-RU	14.02.2009	14.02.2015	17.03.2015	1
0-11KZ.RU	REGRU-RU	13.07.2014	13.07.2015	13.08.2015	1
0-12.RU	REGRU-RU	16.07.2014	16.07.2015	16.08.2015	1
0-12BABY.RU	REGRU-RU	12.09.2013	12.09.2015	13.10.2015	1
0-13.RU	NAUNET-RU	26.09.2010	26.09.2015	27.10.2015	1
0-14.RU	REGTIME-RU	28.02.2010	28.02.2015	31.03.2015	1
0-15.RU	R01-RU	18.06.2013	18.06.2015	19.07.2015	1
0-15KDM.RU	RU-CENTER-RU	23.10.2013	23.10.2014	23.11.2014	1
0-17.RU	NAUNET-RU	25.05.2009	25.05.2015	25.06.2015	1
0-18.RU	RU-CENTER-RU	13.06.2008	13.06.2015	14.07.2015	1
0-1A.RU	R01-RU	15.10.2010	15.10.2015	15.11.2015	1
0-2-4-6.RU	REGRU-RU	27.08.2013	27.08.2015	27.09.2015	1
0-2-4.RU	REGRU-RU	27.03.2012	27.03.2015	27.04.2015	1
0-2.RU	RU-CENTER-RU	02.11.2010	02.11.2014	03.12.2014	1
0-21.RU	REGISTRATOR-RU	14.11.2011	14.11.2014	15.12.2014	0
0-24.RU	RU-CENTER-RU	09.10.2000	11.10.2014	11.11.2014	1
0-24H.RU	RU-CENTER-RU	28.04.2010	28.04.2015	29.05.2015	1
0-3.RU	RU-CENTER-RU	26.09.2007	26.09.2015	27.10.2015	1
0-34.RU	R01-RU	18.08.2009	18.08.2015	18.09.2015	1
0-36.RU	RU-CENTER-RU	14.05.2014	14.05.2015	14.06.2015	0
0-360.RU	REGRU-RU	10.08.2008	10.08.2015	10.09.2015	1
0-3MES.RU	REGRU-RU	14.04.2014	14.04.2015	15.05.2015	1
0-4.RU	SALENAMES-RU	02.11.2010	02.11.2014	03.12.2014	1
0-44.RU	REGRU-RU	10.01.2014	10.01.2015	10.02.2015	1
0-48.RU	RU-CENTER-RU	17.10.2005	17.10.2014	17.11.2014	1
0-495.RU	REGTIME-RU	30.11.2005	30.11.2014	31.12.2014	1
0-499.RU	REGTIME-RU	30.11.2005	30.11.2014	31.12.2014	1
0-5-6.RU	NAUNET-RU	01.10.2013	01.10.2014	01.11.2014	1
0-5.RU	RU-CENTER-RU	29.09.2006	29.09.2015	30.10.2015	0
0-50.RU	BEELINE-RU	12.12.2007	12.12.2014	12.01.2015	1
0-55.RU	REGRU-RU	27.09.2012	27.09.2015	28.10.2015	1
0-59.RU	REGRU-RU	02.03.2013	02.03.2015	02.04.2015	1
0-6.RU	REGTIME-RU	30.09.2006	30.09.2014	31.10.2014	0
0-60.RU	RU-CENTER-RU	18.09.2009	18.09.2014	19.10.2014	1
0-63.RU	REGTIME-RU	21.07.2006	21.07.2015	21.08.2015	1
0-69.RU	R01-RU	25.01.2013	25.01.2015	25.02.2015	1
0-7-14.RU	RU-CENTER-RU	27.05.2009	27.05.2015	27.06.2015	1
0-7-7.RU	NAUNET-RU	19.07.2014	19.07.2015	19.08.2015	1
0-7-8.RU	NAUNET-RU	19.07.2014	19.07.2015	19.08.2015	1
0-7.RU	RU-CENTER-RU	29.09.2006	29.09.2015	30.10.2015	1
0-71.RU	REGRU-RU	08.02.2014	08.02.2015	11.03.2015	1
0-73.RU	REGRU-RU	07.07.2011	07.07.2015	07.08.2015	1
0-78.RU	REGISTRANT-RU	22.06.2009	22.06.2015	23.07.2015	1
0-79.RU	RU-CENTER-RU	19.06.2007	19.06.2015	20.07.2015	1
0-8-0.RU	R01-RU	19.09.2013	19.09.2014	20.10.2014	1
0-8.RU	REGTIME-RU	11.12.2007	11.12.2014	11.01.2015	1
0-800.RU	RU-CENTER-RU	17.09.2013	17.09.2014	18.10.2014	1
0-81.RU	RU-CENTER-RU	30.10.2006	30.10.2015	30.11.2015	1
0-84.RU	RU-CENTER-RU	13.08.2009	13.08.2015	13.09.2015	0
0-86.RU	REGRU-RU	07.09.2012	07.09.2014	08.10.2014	1
0-888-0.RU	REGISTRATOR-RU	16.05.2011	16.05.2015	16.06.2015	1
0-89.RU	R01-RU	02.12.2013	02.12.2014	02.01.2015	0
0-9-9.RU	RU-CENTER-RU	10.07.2013	10.07.2015	10.08.2015	1
0-9.RU	REGTIME-RU	04.05.2005	04.05.2015	04.06.2015	1
0-911.RU	RU-CENTER-RU	30.04.2010	30.04.2015	31.05.2015	1
0-97.RU	R01-RU	02.12.2013	02.12.2014	02.01.2015	0
0-98.RU	R01-RU	02.12.2013	02.12.2014	02.01.2015	1
0-99.RU	RU-CENTER-RU	01.02.2008	01.02.2015	04.03.2015	1
0-A.RU	RU-CENTER-RU	26.04.2007	26.04.2015	27.05.2015	1
0-AA.RU	REGRU-RU	18.09.2010	18.09.2015	19.10.2015	1
0-AUTO.RU	NAUNET-RU	09.07.2011	09.07.2015	09.08.2015	1
0-B.RU	SALENAMES-RU	06.07.2010	06.07.2015	06.08.2015	1
0-BALANCE.RU	REGISTRATOR-RU	28.09.2010	28.09.2015	29.10.2015	1
0-BIT.RU	REGTIME-RU	08.03.2014	08.03.2015	08.04.2015	1
0-BMW.RU	NAUNET-RU	27.02.2010	27.02.2015	30.03.2015	1
0-BUY.RU	REGRU-RU	05.12.2008	05.12.2014	05.01.2015	1
0-C.RU	SALENAMES-RU	31.05.2009	31.05.2015	01.07.2015	1
0-CALORIY.RU	RU-CENTER-RU	29.10.2013	29.10.2014	29.11.2014	0
0-CAR.RU	REGRU-RU	30.10.2013	30.10.2014	30.11.2014	0
0-CC.RU	REGRU-RU	20.09.2010	20.09.2015	21.10.2015	1
0-CENTER.RU	REGRU-RU	22.01.2014	22.01.2015	22.02.2015	1
0-CH.RU	REGTIME-RU	17.09.2014	17.09.2015	18.10.2015	1
0-CHAN.RU	REGRU-RU	05.09.2011	05.09.2015	06.10.2015	1
0-D.RU	REGRU-RU	16.01.2014	16.01.2015	16.02.2015	1
0-DAY.RU	RU-CENTER-RU	15.12.2006	15.12.2014	15.01.2015	1
0-DEVELOPER.RU	REGTIME-RU	17.04.2011	17.04.2015	18.05.2015	1
0-DOMAINS.RU	REGRU-RU	05.12.2008	05.12.2014	05.01.2015	1
0-DOME.RU	REGTIME-RU	21.01.2010	21.01.2015	21.02.2015	1
0-DOSTAVKA.RU	ARDIS-RU	08.04.2014	08.04.2015	09.05.2015	1
0-DUMA.RU	RU-CENTER-RU	19.12.2012	19.12.2014	19.01.2015	1
0-E.RU	SALENAMES-RU	06.07.2010	06.07.2015	06.08.2015	1
0-EDE.RU	REGRU-RU	15.07.2014	15.07.2015	15.08.2015	1
0-EE.RU	REGRU-RU	20.09.2010	20.09.2015	21.10.2015	1
0-F.RU	SALENAMES-RU	31.05.2009	31.05.2015	01.07.2015	1
0-FOREX.RU	REGRU-RU	17.01.2008	17.01.2015	17.02.2015	1
0-G-G-0.RU	REGRU-RU	17.09.2013	17.09.2014	18.10.2014	1
0-G.RU	SALENAMES-RU	31.05.2009	31.05.2015	01.07.2015	1
0-GAME.RU	REGRU-RU	17.02.2014	17.02.2015	20.03.2015	1
0-GDZ.RU	REGTIME-RU	16.01.2014	16.01.2015	16.02.2015	1
0-GO.RU	REGRU-RU	04.01.2014	04.01.2015	04.02.2015	1
0-GOODS.RU	R01-RU	19.09.2014	19.09.2015	20.10.2015	1
0-H.RU	SALENAMES-RU	31.05.2009	31.05.2015	01.07.2015	1
0-HOSTER.RU	REGRU-RU	07.06.2010	07.06.2015	08.07.2015	1
0-HOSTING.RU	R01-RU	04.02.2009	04.02.2015	07.03.2015	1
0-I.RU	NAUNET-RU	31.05.2009	31.05.2015	01.07.2015	1
0-ICQ.RU	REGRU-RU	10.12.2008	10.12.2014	10.01.2015	1
0-INBOX.RU	R01-RU	21.03.2012	21.03.2015	21.04.2015	1
0-INFINITY.RU	R01-RU	28.12.2007	28.12.2014	28.01.2015	1
0-IT.RU	REGTIME-RU	31.03.2012	31.03.2015	01.05.2015	1
0-J.RU	SALENAMES-RU	31.05.2009	31.05.2015	01.07.2015	1
0-K.RU	REGTIME-RU	02.04.2008	02.04.2015	03.05.2015	1
0-KALORII.RU	NETFOX-RU	25.07.2014	25.07.2015	25.08.2015	1
0-KCAL.RU	R01-RU	02.06.2014	02.06.2015	03.07.2015	1
0-KEY.RU	REGRU-RU	24.04.2014	24.04.2015	25.05.2015	1
0-KKAL.RU	R01-RU	02.06.2014	02.06.2015	03.07.2015	1
0-KM.RU	REGRU-RU	14.08.2012	14.08.2015	14.09.2015	1
0-KUPIT.RU	REGRU-RU	05.12.2008	05.12.2014	05.01.2015	1
0-L.RU	SALENAMES-RU	31.05.2009	31.05.2015	01.07.2015	1
0-LEVEL.RU	REGRU-RU	24.03.2014	24.03.2015	24.04.2015	1
0-LIK.RU	REGRU-RU	18.12.2013	18.12.2014	18.01.2015	1
0-M.RU	SALENAMES-RU	31.05.2009	31.05.2015	01.07.2015	1
0-MAG.RU	REGRU-RU	12.10.2011	12.10.2014	12.11.2014	1
0-MAIL.RU	REGISTRANT-RU	23.12.2013	23.12.2014	23.01.2015	1
0-MEBELY.RU	R01-RU	07.05.2014	07.05.2015	07.06.2015	1
0-MP3.RU	REGRU-RU	05.12.2008	05.12.2014	05.01.2015	1
0-N.RU	REGRU-RU	09.07.2014	09.07.2015	09.08.2015	1
0-NET.RU	R01-RU	06.07.2013	06.07.2015	06.08.2015	1
0-NONI.RU	REGRU-RU	01.02.2009	01.02.2015	04.03.2015	1
0-O-8-O-0.RU	REGRU-RU	25.09.2013	25.09.2014	26.10.2014	1
0-O.RU	R01-RU	11.07.2006	11.07.2015	11.08.2015	0
0-P.RU	REGTIME-RU	11.03.2008	11.03.2015	11.04.2015	1
0-PARTS.RU	RU-CENTER-RU	29.09.2010	29.09.2015	30.10.2015	1
0-PK.RU	NAUNET-RU	21.04.2010	21.04.2015	22.05.2015	1
0-PLUS.RU	R01-RU	25.02.2013	25.02.2015	28.03.2015	1
0-POINT.RU	RU-CENTER-RU	10.10.2012	10.10.2014	10.11.2014	0
0-PORNO.RU	REGRU-RU	04.10.2013	04.10.2014	04.11.2014	1
0-POSREDNIKOV.RU	R01-RU	26.08.2011	26.08.2015	26.09.2015	1
0-PROBLEM.RU	REGTIME-RU	22.11.2008	22.11.2014	23.12.2014	1
0-Q.RU	REGTIME-RU	23.07.2007	23.07.2015	23.08.2015	1
0-R.RU	SALENAMES-RU	07.06.2011	07.06.2015	08.07.2015	1
0-ROOM.RU	REGRU-RU	15.12.2008	15.12.2014	15.01.2015	1
0-RU.RU	REGRU-RU	26.08.2008	26.08.2015	26.09.2015	1
0-RUB.RU	REGRU-RU	07.07.2010	07.07.2015	07.08.2015	1
0-RYBALKE.RU	REGRU-RU	11.09.2011	11.09.2014	12.10.2014	1
0-S.RU	SALENAMES-RU	07.06.2011	07.06.2015	08.07.2015	1
0-SC.RU	REGRU-RU	26.09.2010	26.09.2015	27.10.2015	1
0-SEO.RU	REGRU-RU	13.08.2014	13.08.2015	13.09.2015	1
0-SHOP.RU	R01-RU	28.03.2013	28.03.2015	28.04.2015	1
0-SISKI.RU	REGRU-RU	10.11.2009	10.11.2014	11.12.2014	1
0-SMOKE.RU	REGRU-RU	14.03.2014	14.03.2015	14.04.2015	1
0-SP.RU	REGRU-RU	26.09.2010	26.09.2015	27.10.2015	1
0-SPORTE.RU	REGRU-RU	30.07.2013	30.07.2015	30.08.2015	1
0-SS.RU	REGRU-RU	18.09.2010	18.09.2015	19.10.2015	1
0-SV.RU	REGRU-RU	26.09.2010	26.09.2015	27.10.2015	1
0-T.RU	RU-CENTER-RU	09.06.2006	09.06.2015	10.07.2015	1
0-TEL.RU	RU-CENTER-RU	02.08.2005	02.08.2015	02.09.2015	1
0-THREAT.RU	RU-CENTER-RU	14.09.2011	14.09.2014	15.10.2014	1
0-TOLERANCE.RU	NAUNET-RU	09.11.2011	09.11.2014	10.12.2014	1
0-TRAVEL.RU	REGRU-RU	15.12.2008	15.12.2014	15.01.2015	1
0-TV.RU	REGRU-RU	03.07.2014	03.07.2015	03.08.2015	1
0-U.RU	SALENAMES-RU	07.06.2011	07.06.2015	08.07.2015	1
0-UA.RU	REGRU-RU	26.09.2010	26.09.2015	27.10.2015	1
0-V.RU	SALENAMES-RU	31.05.2009	31.05.2015	01.07.2015	1
0-VKONTAKTE.RU	NETFOX-RU	04.01.2013	04.01.2015	04.02.2015	1
0-W.RU	SALENAMES-RU	07.06.2011	07.06.2015	08.07.2015	1
0-WEB.RU	REGTIME-RU	01.02.2010	01.02.2015	04.03.2015	1
0-WM.RU	REGGI-RU	14.02.2014	14.02.2015	17.03.2015	1
0-WW.RU	REGRU-RU	15.08.2014	15.08.2015	15.09.2015	1
0-WWW.RU	R01-RU	08.02.2010	08.02.2015	11.03.2015	1
0-X.RU	SALENAMES-RU	07.06.2011	07.06.2015	08.07.2015	1
0-Y.RU	RU-CENTER-RU	13.07.2009	13.07.2015	13.08.2015	1
0-Z.RU	R01-RU	19.07.2006	19.07.2015	19.08.2015	0
0-ZERO.RU	REGRU-RU	18.11.2013	18.11.2015	19.12.2015	1
00-0.RU	RU-CENTER-RU	25.12.2007	25.12.2014	25.01.2015	1
00-00-00.RU	REGRU-RU	24.01.2012	24.01.2015	24.02.2015	0
00-00.RU	RU-CENTER-RU	17.10.2004	17.10.2014	17.11.2014	1
00-000.RU	NAUNET-RU	01.12.2011	01.12.2014	01.01.2015	1
00-01.RU	REGTIME-RU	06.10.2011	06.10.2015	06.11.2015	1
00-024.RU	REGRU-RU	26.09.2013	26.09.2015	27.10.2015	1
00-1-00.RU	REGISTRATOR-RU	07.11.2013	07.11.2014	08.12.2014	1
00-1.RU	REGTIME-RU	26.03.2008	26.03.2015	26.04.2015	1
00-12.RU	R01-RU	04.07.2013	04.07.2015	04.08.2015	1
00-24.RU	REGTIME-RU	08.03.2013	08.03.2015	08.04.2015	1
00-30.RU	R01-RU	05.02.2009	05.02.2015	08.03.2015	1
00-36.RU	RU-CENTER-RU	14.05.2014	14.05.2015	14.06.2015	0
00-5.RU	R01-RU	09.12.2013	09.12.2014	09.01.2015	1
00-7.RU	RU-CENTER-RU	08.05.2007	08.05.2015	08.06.2015	1
00-8.RU	R01-RU	04.07.2013	04.07.2015	04.08.2015	1
00-9.RU	R01-RU	04.07.2013	04.07.2015	04.08.2015	1
00-B.RU	REGRU-RU	17.05.2014	17.05.2015	17.06.2015	0
00-OO.RU	NETFOX-RU	02.07.2013	02.07.2015	02.08.2015	1
00-PK.RU	REGRU-RU	24.05.2013	24.05.2015	24.06.2015	1
00-S.RU	R01-RU	13.02.2014	13.02.2015	16.03.2015	1
00-X.RU	REGISTRATOR-RU	03.02.2013	03.02.2015	06.03.2015	1
00.RU	RU-CENTER-RU	19.01.2000	01.02.2015	04.03.2015	1
000-00-00.RU	R01-RU	28.08.2014	28.08.2015	28.09.2015	1
000-1.RU	REGGI-RU	06.06.2012	06.06.2015	07.07.2015	1
000-24.RU	RU-CENTER-RU	06.08.2014	06.08.2015	06.09.2015	1
000-BEAUTY.RU	NAUNET-RU	02.10.2009	02.10.2014	02.11.2014	1
000-ELECON.RU	RU-CENTER-RU	20.11.2003	20.11.2014	21.12.2014	1
000-KRAFT.RU	RU-CENTER-RU	05.09.2013	05.09.2014	06.10.2014	1
000-OOO-000.RU	REGRU-RU	25.09.2013	25.09.2014	26.10.2014	1
000-ORBITA.RU	REGTIME-RU	29.10.2013	29.10.2014	29.11.2014	1
000-REG.RU	NAUNET-RU	11.08.2014	11.08.2015	11.09.2015	1
000.RU	RU-CENTER-RU	02.11.2000	03.11.2014	04.12.2014	1
0000.RU	DEMOS-RU	08.10.2001	09.10.2015	09.11.2015	1
00000.RU	REGRU-RU	06.03.2006	06.03.2015	06.04.2015	1
000000.RU	RU-CENTER-RU	22.10.2003	22.10.2015	22.11.2015	1
0000000.RU	RU-CENTER-RU	30.06.2006	30.06.2015	31.07.2015	1
00000000.RU	RU-CENTER-RU	11.12.2013	11.12.2014	11.01.2015	1
0000000000.RU	R01-RU	17.09.2014	17.09.2015	18.10.2015	1
00000000000.RU	RU-CENTER-RU	12.11.2007	12.11.2014	13.12.2014	1
000000000000.RU	NETFOX-RU	28.02.2013	28.02.2015	31.03.2015	1
000000000000000000000000000000000000000000000000000000000000000.RU	RU-CENTER-RU	21.05.2008	21.05.2015	21.06.2015	1
000000000000000000000000000000000000000000000000000000000000001.RU	R01-RU	05.09.2011	05.09.2014	06.10.2014	1
000000000000000000000000000000000000000000000000000000000000999.RU	REGRU-RU	10.07.2014	10.07.2015	10.08.2015	1
00000001.RU	REGRU-RU	25.10.2011	25.10.2014	25.11.2014	1
0000001.RU	RU-CENTER-RU	06.11.2009	06.11.2014	07.12.2014	0
0000007.RU	R01-RU	30.03.2007	30.03.2015	30.04.2015	1
000001.RU	RU-CENTER-RU	23.11.2004	23.11.2014	24.12.2014	0
000002014.RU	RU-CENTER-RU	12.07.2007	12.07.2015	12.08.2015	0
000005.RU	REGTIME-RU	26.01.2011	26.01.2015	26.02.2015	1
000007.RU	REGRU-RU	12.07.2014	12.07.2015	12.08.2015	1
000008.RU	RU-CENTER-RU	11.04.2012	11.04.2015	12.05.2015	1
00001.RU	RU-CENTER-RU	30.09.2005	30.09.2015	31.10.2015	1
0000111.RU	R01-RU	16.05.2012	16.05.2015	16.06.2015	1
00002.RU	REGRU-RU	30.03.2014	30.03.2015	30.04.2015	1
00003.RU	REGTIME-RU	02.12.2013	02.12.2014	02.01.2015	1
000035.RU	RU-CENTER-RU	06.11.2013	06.11.2014	07.12.2014	1
00004.RU	REGISTRATOR-RU	20.06.2007	20.06.2015	21.07.2015	1
00005.RU	REGRU-RU	06.03.2014	06.03.2015	06.04.2015	1
000063.RU	R01-RU	17.07.2014	17.07.2015	17.08.2015	1
00007.RU	RU-CENTER-RU	02.12.2009	02.12.2014	02.01.2015	1
0000777.RU	REGTIME-RU	15.07.2014	15.07.2015	15.08.2015	1
00008.RU	RU-CENTER-RU	11.04.2012	11.04.2015	12.05.2015	1
00009.RU	RU-CENTER-RU	17.03.2011	17.03.2015	17.04.2015	1
0000H.RU	NAUNET-RU	05.07.2009	05.07.2015	05.08.2015	1
0000O.RU	REGRU-RU	24.02.2014	24.02.2015	27.03.2015	1
0001-1.RU	REGRU-RU	08.06.2014	08.06.2015	09.07.2015	1
0001.RU	RU-CENTER-RU	15.02.2007	15.02.2015	18.03.2015	0
00010.RU	NAUNET-RU	18.06.2014	18.06.2015	19.07.2015	1
000100.RU	RU-CENTER-RU	21.10.2005	21.10.2015	21.11.2015	1
00011.RU	REGRU-RU	30.10.2012	30.10.2014	30.11.2014	1
000111.RU	REGISTRATOR-RU	03.09.2007	03.09.2015	04.10.2015	1
000112.RU	REGISTRATOR-RU	21.02.2014	21.02.2015	24.03.2015	1
000123.RU	REGISTRATOR-RU	29.01.2014	29.01.2015	01.03.2015	1
00013.RU	R01-RU	16.05.2006	16.05.2015	16.06.2015	1
000174.RU	REGGI-RU	28.05.2013	28.05.2015	28.06.2015	1
00019.RU	R01-RU	03.04.2012	03.04.2015	04.05.2015	1
0002.RU	RU-CENTER-RU	17.05.2007	17.05.2015	17.06.2015	1
0002000.RU	RU-CENTER-RU	27.02.2014	27.02.2015	30.03.2015	1
00023.RU	R01-RU	23.06.2010	23.06.2015	24.07.2015	1
00024.RU	RU-CENTER-RU	20.07.2009	20.07.2015	20.08.2015	1
000254.RU	REGRU-RU	15.01.2013	15.01.2015	15.02.2015	1
00029.RU	RU-CENTER-RU	13.12.2012	13.12.2014	13.01.2015	1
0003.RU	REGTIME-RU	24.03.2005	24.03.2015	24.04.2015	1
0003000.RU	REGTIME-RU	10.11.2013	10.11.2014	11.12.2014	1
00031.RU	RU-CENTER-RU	28.07.2010	28.07.2015	28.08.2015	1
00033.RU	RU-CENTER-RU	21.11.2005	21.11.2014	22.12.2014	1
000333.RU	R01-RU	07.12.2006	07.12.2014	07.01.2015	1
00034.RU	REGRU-RU	31.08.2013	31.08.2015	01.10.2015	1
000343.RU	RU-CENTER-RU	21.04.2014	21.04.2015	22.05.2015	1
00035.RU	REGTIME-RU	27.03.2013	27.03.2015	27.04.2015	1
00038.RU	RU-CENTER-RU	17.12.2013	17.12.2014	17.01.2015	1
0003T.RU	REGRU-RU	10.01.2013	10.01.2015	10.02.2015	1
0004.RU	REGTIME-RU	24.05.2014	24.05.2015	24.06.2015	0
00043.RU	REGRU-RU	07.02.2012	07.02.2015	10.03.2015	1
00045.RU	REGRU-RU	03.04.2014	03.04.2015	04.05.2015	1
00046.RU	REGRU-RU	03.04.2014	03.04.2015	04.05.2015	1
0005.RU	RU-CENTER-RU	16.04.2009	16.04.2015	17.05.2015	1
000500.RU	RU-CENTER-RU	21.08.2014	21.08.2015	21.09.2015	0
00051.RU	REGTIME-RU	07.10.2013	07.10.2014	07.11.2014	1
00055.RU	RU-CENTER-RU	28.10.2009	28.10.2015	28.11.2015	1
000555.RU	REGRU-RU	16.04.2014	16.04.2015	17.05.2015	1
0006.RU	REGTIME-RU	24.05.2014	24.05.2015	24.06.2015	0
00061.RU	REGTIME-RU	13.02.2013	13.02.2015	16.03.2015	1
00064.RU	REGRU-RU	17.03.2014	17.03.2015	17.04.2015	0
00066.RU	R01-RU	20.10.2010	20.10.2014	20.11.2014	1
00069.RU	REGRU-RU	25.10.2013	25.10.2014	25.11.2014	1
0007.RU	R01-RU	25.05.2006	25.05.2015	25.06.2015	1
00072.RU	R01-RU	15.08.2014	15.08.2015	15.09.2015	1
00074.RU	RU-CENTER-RU	05.08.2011	05.08.2015	05.09.2015	1
000777.RU	RU-CENTER-RU	12.12.2012	12.12.2014	12.01.2015	0
0007878.RU	RU-CENTER-RU	14.02.2014	14.02.2015	17.03.2015	1
0008.RU	RU-CENTER-RU	20.03.2005	20.03.2015	20.04.2015	1
00082.RU	REGRU-RU	01.09.2013	01.09.2014	02.10.2014	1
000846.RU	RU-CENTER-RU	21.04.2014	21.04.2015	22.05.2015	0
00088.RU	REGRU-RU	18.07.2014	18.07.2015	18.08.2015	1
0008855.RU	NAUNET-RU	13.03.2013	13.03.2015	13.04.2015	1
000888.RU	RU-CENTER-RU	11.07.2014	11.07.2015	11.08.2015	0
00089.RU	RU-CENTER-RU	21.08.2014	21.08.2015	21.09.2015	0
0009.RU	NAUNET-RU	15.09.2000	16.09.2015	17.10.2015	1
000911.RU	R01-RU	14.03.2010	14.03.2015	14.04.2015	1
00095.RU	R01-RU	08.02.2013	08.02.2015	11.03.2015	1
00096.RU	REGRU-RU	21.01.2013	21.01.2015	21.02.2015	1
000A.RU	RU-CENTER-RU	11.06.2008	11.06.2015	12.07.2015	1
000B.RU	RU-CENTER-RU	11.06.2008	11.06.2015	12.07.2015	1
000BETON.RU	REGGI-RU	13.02.2014	13.02.2015	16.03.2015	1
000BRIZ.RU	REGRU-RU	03.03.2014	03.03.2015	03.04.2015	1
000C.RU	DOMENUS-RU	31.08.2013	31.08.2014	01.10.2014	1
000D.RU	REGRU-RU	09.03.2014	09.03.2015	09.04.2015	1
000E.RU	REGRU-RU	24.04.2011	24.04.2015	25.05.2015	1
000EDS.RU	R01-RU	20.12.2013	20.12.2014	20.01.2015	1
000F.RU	REGRU-RU	18.05.2012	18.05.2015	18.06.2015	1
000G.RU	REGRU-RU	24.11.2011	24.11.2014	25.12.2014	1
000H.RU	REGTIME-RU	24.05.2014	24.05.2015	24.06.2015	0
000I.RU	REGRU-RU	11.11.2011	11.11.2014	12.12.2014	1
000J.RU	REGTIME-RU	24.05.2014	24.05.2015	24.06.2015	0
000K.RU	R01-RU	19.05.2013	19.05.2015	19.06.2015	1
000L.RU	R01-RU	05.09.2012	05.09.2015	06.10.2015	1
000M.RU	REGRU-RU	16.03.2014	16.03.2015	16.04.2015	0
000MAGAZIN.RU	R01-RU	15.03.2011	15.03.2015	15.04.2015	1
000MMM.RU	RU-CENTER-RU	10.09.2013	10.09.2015	11.10.2015	1
000N.RU	NAUNET-RU	16.10.2008	16.10.2014	16.11.2014	1
000NET.RU	REGRU-RU	11.11.2013	11.11.2014	12.12.2014	1
000O.RU	RU-CENTER-RU	23.05.2008	23.05.2015	23.06.2015	1
000P.RU	R01-RU	24.02.2012	24.02.2015	27.03.2015	1
000Q.RU	REGRU-RU	11.03.2014	11.03.2015	11.04.2015	1
000R.RU	REGRU-RU	19.08.2014	19.08.2015	19.09.2015	1
000RU.RU	REGRU-RU	24.11.2011	24.11.2014	25.12.2014	1
000RUB.RU	REGRU-RU	12.08.2011	12.08.2015	12.09.2015	1
000RUBLEY.RU	R01-RU	11.11.2009	11.11.2014	12.12.2014	1
000S.RU	REGRU-RU	15.03.2013	15.03.2015	15.04.2015	1
000SIN.RU	RU-CENTER-RU	09.09.2014	09.09.2015	10.10.2015	1
000SITE.RU	REGRU-RU	10.08.2011	10.08.2015	10.09.2015	1
000T.RU	R01-RU	28.11.2013	28.11.2014	29.12.2014	1
000U.RU	R01-RU	04.09.2008	04.09.2015	05.10.2015	1
000UPTD.RU	REGRU-RU	14.02.2014	14.02.2015	17.03.2015	1
000V.RU	REGRU-RU	25.05.2013	25.05.2015	25.06.2015	1
000VISMA.RU	RU-CENTER-RU	05.06.2014	05.06.2015	06.07.2015	1
000VS.RU	REGRU-RU	23.05.2014	23.05.2015	23.06.2015	1
000W.RU	REGRU-RU	31.10.2012	31.10.2014	01.12.2014	1
000WEBHOST.RU	REGRU-RU	10.09.2009	10.09.2014	11.10.2014	1
000X.RU	REGTIME-RU	28.02.2011	28.02.2015	31.03.2015	1
000Y.RU	REGRU-RU	05.11.2013	05.11.2014	06.12.2014	1
000ZZZ.RU	REGRU-RU	01.08.2014	01.08.2015	01.09.2015	1
001-001.RU	REGTIME-RU	27.02.2014	27.02.2015	30.03.2015	1
001-1.RU	REGRU-RU	21.06.2014	21.06.2015	22.07.2015	1
001-BEST.RU	R01-RU	14.09.2013	14.09.2014	15.10.2014	1
001-FILM.RU	R01-RU	09.09.2011	09.09.2015	10.10.2015	1
001-K.RU	REGRU-RU	28.11.2013	28.11.2014	29.12.2014	1
001-LAB.RU	RU-CENTER-RU	05.02.2012	05.02.2015	08.03.2015	1
001-MARKET.RU	RU-CENTER-RU	04.03.2013	04.03.2015	04.04.2015	1
001-MEHANIK.RU	REGRU-RU	14.10.2013	14.10.2014	14.11.2014	1
001-MEHANIKRU.RU	REGISTRATOR-RU	11.10.2013	11.10.2015	11.11.2015	1
001-NET.RU	REGTIME-RU	12.03.2009	12.03.2015	12.04.2015	1
001-SERVICE.RU	REGTIME-RU	02.09.2014	02.09.2015	03.10.2015	1
001-TRAVEL.RU	REGRU-RU	14.12.2013	14.12.2014	14.01.2015	1
001.RU	RU-CENTER-RU	03.03.2000	01.04.2015	02.05.2015	1
0010.RU	REGTIME-RU	04.08.2006	04.08.2015	04.09.2015	1
00100.RU	RU-CENTER-RU	22.01.2008	22.01.2015	22.02.2015	1
001001.RU	REGRU-RU	11.12.2011	11.12.2014	11.01.2015	1
00100100.RU	REGTIME-RU	20.02.2012	20.02.2015	23.03.2015	1
001002003.RU	R01-RU	10.02.2006	10.02.2015	13.03.2015	1
0010023403.RU	REGTIME-RU	28.11.2013	28.11.2014	29.12.2014	1
00101.RU	R01-RU	06.10.2012	06.10.2015	06.11.2015	0
00102.RU	REGRU-RU	27.01.2014	27.01.2015	27.02.2015	1
0010238.RU	R01-RU	16.07.2013	16.07.2015	16.08.2015	1
0011.RU	RU-CENTER-RU	15.05.2007	15.05.2015	15.06.2015	1
00110.RU	REGRU-RU	17.11.2011	17.11.2015	18.12.2015	1
001100.RU	RU-CENTER-RU	11.05.2012	11.05.2015	11.06.2015	1
001101.RU	RU-CENTER-RU	12.08.2010	12.08.2015	12.09.2015	1
00112.RU	RU-CENTER-RU	12.04.2013	12.04.2015	13.05.2015	1
001122-SITE.RU	REGTIME-RU	28.01.2014	28.01.2015	28.02.2015	1
001122.RU	REGTIME-RU	05.07.2013	05.07.2015	05.08.2015	1
001167882.RU	NAUNET-RU	26.01.2014	26.01.2015	26.02.2015	1
0012.RU	R01-RU	05.10.2007	05.10.2014	05.11.2014	1
00122456682.RU	NAUNET-RU	27.01.2014	27.01.2015	27.02.2015	1
00122478942.RU	NAUNET-RU	27.01.2014	27.01.2015	27.02.2015	1
00123.RU	REGRU-RU	13.10.2011	13.10.2014	13.11.2014	1
0013.RU	RU-CENTER-RU	04.12.2007	04.12.2014	04.01.2015	1
0014.RU	RU-CENTER-RU	24.02.2007	24.02.2015	27.03.2015	1
0015.RU	RU-CENTER-RU	24.02.2007	24.02.2015	27.03.2015	1
0016.RU	RU-CENTER-RU	24.02.2007	24.02.2015	27.03.2015	1
0017.RU	R01-RU	22.07.2009	22.07.2015	22.08.2015	1
0018.RU	R01-RU	20.05.2009	20.05.2015	20.06.2015	1
0019.RU	R01-RU	21.07.2009	21.07.2015	21.08.2015	1
001A.RU	R01-RU	03.12.2009	03.12.2014	03.01.2015	1
001ANDREY.RU	REGRU-RU	14.02.2013	14.02.2015	17.03.2015	1
001AUDIT.RU	REGRU-RU	30.08.2014	30.08.2015	30.09.2015	1
001AUTO.RU	REGTIME-RU	28.07.2008	28.07.2015	28.08.2015	1
001AVTO.RU	REGTIME-RU	28.07.2008	28.07.2015	28.08.2015	1
001AVTOKOMBINAT.RU	RU-CENTER-RU	29.02.2008	28.02.2015	31.03.2015	1
001C.RU	REGTIME-RU	14.01.2014	14.01.2015	14.02.2015	1
001CAR.RU	REGRU-RU	06.12.2011	06.12.2014	06.01.2015	1
001DD.RU	RU-CENTER-RU	16.10.2013	16.10.2015	16.11.2015	1
001DESIGN.RU	R01-RU	25.10.2010	25.10.2014	25.11.2014	0
001DOM-K.RU	RU-CENTER-RU	27.02.2014	27.02.2015	30.03.2015	1
001DRESS.RU	REGRU-RU	30.06.2014	30.06.2015	31.07.2015	0
001G.RU	REGRU-RU	25.02.2012	25.02.2015	28.03.2015	1
001HOTABYCH.RU	RU-CENTER-RU	03.02.2014	03.02.2015	06.03.2015	1
001K.RU	R01-RU	15.02.2011	15.02.2015	18.03.2015	1
001KM.RU	R01-RU	02.10.2012	02.10.2014	02.11.2014	1
001KZ.RU	REGTIME-RU	25.10.2013	25.10.2014	25.11.2014	1
001LAB.RU	REGTIME-RU	16.03.2014	16.03.2015	16.04.2015	1
001MARKET.RU	REGRU-RU	17.01.2013	17.01.2015	17.02.2015	1
001MERCURY.RU	REGRU-RU	31.01.2014	31.01.2015	03.03.2015	1
001MOROZHOLOD.RU	DOMENUS-RU	22.05.2010	22.05.2015	22.06.2015	1
001MSK.RU	REGTIME-RU	30.01.2014	30.01.2015	02.03.2015	1
001NN.RU	REGRU-RU	06.12.2010	06.12.2014	06.01.2015	1
001O296.RU	REGRU-RU	12.11.2013	12.11.2014	13.12.2014	0
001PK.RU	RU-CENTER-RU	25.11.2010	25.11.2014	26.12.2014	1
001PLUS.RU	R01-RU	03.02.2014	03.02.2015	06.03.2015	1
001R.RU	REGRU-RU	12.01.2014	12.01.2015	12.02.2015	1
001REKLAMA.RU	R01-RU	19.06.2009	19.06.2015	20.07.2015	1
001RU-ZAKAZ.RU	RU-CENTER-RU	12.03.2013	12.03.2015	12.04.2015	1
001RU.RU	RU-CENTER-RU	15.07.2006	15.07.2015	15.08.2015	1
001RUS.RU	REGRU-RU	06.06.2014	06.06.2015	07.07.2015	1
001SEO.RU	R01-RU	25.10.2010	25.10.2014	25.11.2014	0
001SEXY.RU	REGTIME-RU	19.03.2014	19.03.2015	19.04.2015	1
001SHOP.RU	REGRU-RU	05.06.2014	05.06.2015	06.07.2015	1
001SMETA.RU	REGTIME-RU	24.02.2014	24.02.2015	27.03.2015	1
001SRYB.RU	REGRU-RU	20.12.2012	20.12.2014	20.01.2015	1
001TERRITORIA.RU	R01-RU	06.01.2014	06.01.2015	06.02.2015	1
001TRAVEL.RU	REGRU-RU	14.12.2013	14.12.2014	14.01.2015	1
001TV.RU	REGISTRATOR-RU	19.04.2013	19.04.2015	20.05.2015	1
001VIP.RU	REGRU-RU	08.04.2013	08.04.2015	09.05.2015	1
001WEB.RU	R01-RU	25.10.2010	25.10.2014	25.11.2014	1
001WEBTEST.RU	R01-RU	23.05.2012	23.05.2015	23.06.2015	1
001WMR.RU	REGRU-RU	25.03.2014	25.03.2015	25.04.2015	1
002-C.RU	REGRU-RU	14.06.2013	14.06.2015	15.07.2015	1
002-UPF35.RU	R01-RU	22.01.2014	22.01.2015	22.02.2015	1
002.RU	RU-CENTER-RU	04.07.2002	04.07.2015	04.08.2015	1
0020.RU	RU-CENTER-RU	22.03.2011	22.03.2015	22.04.2015	1
00200.RU	REGRU-RU	22.07.2014	22.07.2015	22.08.2015	1
0021.RU	REGRU-RU	11.01.2008	11.01.2015	11.02.2015	1
0022.RU	RU-CENTER-RU	28.09.2006	28.09.2014	29.10.2014	1
002200.RU	REGRU-RU	06.01.2014	06.01.2015	06.02.2015	1
0023.RU	R01-RU	22.07.2009	22.07.2015	22.08.2015	1
0024.RU	RU-CENTER-RU	17.01.2006	17.01.2015	17.02.2015	1
0025.RU	REGRU-RU	23.06.2013	23.06.2015	24.07.2015	1
0026.RU	REGGI-RU	23.07.2009	23.07.2015	23.08.2015	1
0027.RU	REGRU-RU	26.09.2010	26.09.2015	27.10.2015	1
0028.RU	REGRU-RU	23.01.2011	23.01.2015	23.02.2015	1
0029.RU	REGRU-RU	09.07.2014	09.07.2015	09.08.2015	1
002ART.RU	REGRU-RU	21.01.2012	21.01.2015	21.02.2015	1
002GROUPS.RU	REGRU-RU	28.01.2014	28.01.2015	28.02.2015	1
002INVEST.RU	REGRU-RU	28.02.2012	28.02.2015	31.03.2015	1
002MEDIA.RU	REGRU-RU	31.03.2011	31.03.2015	01.05.2015	1
002RB.RU	REGRU-RU	17.11.2011	17.11.2014	18.12.2014	1
002RUS.RU	REGISTRATOR-RU	01.06.2012	01.06.2015	02.07.2015	0
003-003-003.RU	REGTIME-RU	11.09.2013	11.09.2014	12.10.2014	0
003-1.RU	REGRU-RU	18.06.2014	18.06.2015	19.07.2015	1
003-2.RU	REGRU-RU	18.06.2014	18.06.2015	19.07.2015	1
003-3.RU	REGRU-RU	18.06.2014	18.06.2015	19.07.2015	1
003-CENTER.RU	REGRU-RU	12.05.2014	12.05.2015	12.06.2015	1
003-NET.RU	REGTIME-RU	12.03.2009	12.03.2015	12.04.2015	1
003-RU.RU	REGRU-RU	11.09.2013	11.09.2015	12.10.2015	1
003-SHOP.RU	REGRU-RU	11.09.2013	11.09.2015	12.10.2015	1
003-SPB.RU	REGRU-RU	10.09.2013	10.09.2015	11.10.2015	1
003-STOM.RU	REGISTRANT-RU	24.12.2008	24.12.2014	24.01.2015	1
003.RU	RU-CENTER-RU	18.05.2000	01.06.2015	02.07.2015	1
0030.RU	R01-RU	05.10.2007	05.10.2014	05.11.2014	1
00300.RU	REGRU-RU	22.07.2014	22.07.2015	22.08.2015	1
0030279.RU	RU-CENTER-RU	29.11.2013	29.11.2014	30.12.2014	1
0030OK.RU	REGTIME-RU	21.03.2014	21.03.2015	21.04.2015	1
0030PM.RU	RU-CENTER-RU	20.12.2013	20.12.2014	20.01.2015	1
0031.RU	NAUNET-RU	12.10.2011	12.10.2015	12.11.2015	1
0031477.RU	REGRU-RU	18.01.2013	18.01.2015	18.02.2015	1
0032.RU	REGRU-RU	22.10.2013	22.10.2014	22.11.2014	1
0032080.RU	REGRU-RU	23.10.2013	23.10.2014	23.11.2014	1
0033.RU	RU-CENTER-RU	28.09.2006	28.09.2015	29.10.2015	0
003300.RU	REGRU-RU	16.12.2013	16.12.2014	16.01.2015	1
0034.RU	REGTIME-RU	16.09.2014	16.09.2015	17.10.2015	1
0035.RU	REGRU-RU	17.04.2008	17.04.2015	18.05.2015	1
00355.RU	REGRU-RU	09.09.2013	09.09.2015	10.10.2015	1
00359.RU	REGISTRATOR-RU	23.02.2012	23.02.2015	26.03.2015	1
0036.RU	RU-CENTER-RU	19.09.2014	19.09.2015	20.10.2015	1
0037.RU	R01-RU	07.12.2012	07.12.2014	07.01.2015	1
0038.RU	REGTIME-RU	21.04.2008	21.04.2015	22.05.2015	1
0039.RU	R01-RU	20.08.2014	20.08.2015	20.09.2015	1
003AGENT.RU	RU-CENTER-RU	07.03.2014	07.03.2015	07.04.2015	0
003APTECA.RU	RU-CENTER-RU	02.03.2011	02.03.2015	02.04.2015	0
003APTEKA.RU	RU-CENTER-RU	02.03.2011	02.03.2015	02.04.2015	1
003AUTO.RU	RU-CENTER-RU	07.05.2013	07.05.2015	07.06.2015	1
003C.RU	REGRU-RU	20.01.2013	20.01.2015	20.02.2015	1
003COMP.RU	REGRU-RU	02.11.2009	02.11.2015	03.12.2015	1
003D.RU	REGRU-RU	08.10.2012	08.10.2015	08.11.2015	1
003FEEDBACK.RU	RU-CENTER-RU	14.03.2014	14.03.2015	14.04.2015	1
003HD.RU	REGISTRATOR-RU	03.12.2013	03.12.2014	03.01.2015	1
003HELP.RU	REGRU-RU	27.03.2009	27.03.2015	27.04.2015	0
003INFO.RU	R01-RU	07.02.2011	07.02.2015	10.03.2015	1
003INTERNET-APTEKA.RU	RU-CENTER-RU	03.03.2011	03.03.2015	03.04.2015	0
003L.RU	RU-CENTER-RU	17.03.2007	17.03.2015	17.04.2015	1
003MOS.RU	REGRU-RU	20.09.2013	20.09.2014	21.10.2014	1
003MS.RU	REGGI-RU	30.09.2010	30.09.2015	31.10.2015	1
003MURMANSK.RU	RU-CENTER-RU	28.12.2011	28.12.2014	28.01.2015	1
003OK.RU	REGRU-RU	17.06.2014	17.06.2015	18.07.2015	1
003PC.RU	REGRU-RU	03.05.2012	03.05.2015	03.06.2015	1
003PRINT.RU	RU-CENTER-RU	06.10.2009	06.10.2014	06.11.2014	1
003REMONT.RU	REGRU-RU	24.09.2014	24.09.2015	25.10.2015	0
003RT.RU	RU-CENTER-RU	11.03.2011	11.03.2015	11.04.2015	1
003RU.RU	SALENAMES-RU	18.12.2007	18.12.2014	18.01.2015	1
003SERVICE.RU	SALENAMES-RU	03.04.2008	03.04.2015	04.05.2015	1
003SPB.RU	SALENAMES-RU	27.09.2008	27.09.2015	28.10.2015	1
003T.RU	REGRU-RU	13.01.2014	13.01.2015	13.02.2015	1
003VETAPTEKA.RU	RU-CENTER-RU	22.03.2011	22.03.2015	22.04.2015	0
003VIP.RU	RU-CENTER-RU	26.08.2011	26.08.2015	26.09.2015	0
003VLG.RU	RU-CENTER-RU	18.10.2010	18.10.2014	18.11.2014	0
004-DESIGN.RU	REGRU-RU	15.06.2013	15.06.2015	16.07.2015	1
004-KRASNODAR.RU	R01-RU	03.09.2009	03.09.2015	04.10.2015	1
004-MOSCOW.RU	REGRU-RU	04.09.2009	04.09.2015	05.10.2015	1
004-U.RU	REGRU-RU	18.05.2013	18.05.2015	18.06.2015	1
004.RU	RU-CENTER-RU	13.01.2004	13.01.2015	13.02.2015	1
0040.RU	R01-RU	06.10.2007	06.10.2014	06.11.2014	1
0041.RU	REGTIME-RU	27.09.2011	27.09.2014	28.10.2014	0
00410.RU	REGRU-RU	20.11.2013	20.11.2014	21.12.2014	1
00412.RU	REGRU-RU	23.09.2013	23.09.2015	24.10.2015	1
0042.RU	REGRU-RU	20.12.2013	20.12.2014	20.01.2015	1
0043.RU	NAUNET-RU	26.08.2010	26.08.2015	26.09.2015	1
00432.RU	R01-RU	23.04.2014	23.04.2015	24.05.2015	1
0044.RU	RU-CENTER-RU	28.09.2006	28.09.2015	29.10.2015	0
004400.RU	REGRU-RU	08.03.2013	08.03.2015	08.04.2015	1
0044665.RU	REGRU-RU	31.03.2014	31.03.2015	01.05.2015	1
0045.RU	REGRU-RU	09.09.2010	09.09.2015	10.10.2015	1
0046.RU	R01-RU	02.06.2014	02.06.2015	03.07.2015	1
0047.RU	NAUNET-RU	29.01.2014	29.01.2015	01.03.2015	1
0048.RU	REGRU-RU	21.10.2012	21.10.2015	21.11.2015	1
0049.RU	REGRU-RU	25.02.2014	25.02.2015	28.03.2015	1
005.RU	RU-CENTER-RU	10.03.2000	01.04.2015	02.05.2015	1
0050.RU	REGISTRATOR-RU	05.09.2006	05.09.2015	06.10.2015	1
00500.RU	REGRU-RU	30.09.2014	30.09.2015	31.10.2015	0
0050505.RU	R01-RU	13.03.2010	13.03.2015	13.04.2015	1
0051.RU	RU-CENTER-RU	06.12.2012	06.12.2014	06.01.2015	1
0052.RU	NAUNET-RU	19.06.2014	19.06.2015	20.07.2015	1
00520.RU	REGRU-RU	13.01.2014	13.01.2015	13.02.2015	1
00525.RU	REGRU-RU	03.12.2012	03.12.2014	03.01.2015	1
0053.RU	REGTIME-RU	30.03.2014	30.03.2015	30.04.2015	1
0054-INFO.RU	REGRU-RU	06.12.2010	06.12.2014	06.01.2015	1
0054.RU	REGRU-RU	04.04.2008	04.04.2015	05.05.2015	1
0054246673.RU	NAUNET-RU	30.01.2014	30.01.2015	02.03.2015	1
0055.RU	RU-CENTER-RU	10.02.2005	10.02.2015	13.03.2015	1
005500.RU	REGRU-RU	11.12.2013	11.12.2014	11.01.2015	1
00555.RU	REGISTRANT-RU	12.03.2013	12.03.2015	12.04.2015	1
0056.RU	REGRU-RU	23.05.2014	23.05.2015	23.06.2015	1
005680.RU	R01-RU	28.03.2011	28.03.2015	28.04.2015	1
0057.RU	REGTIME-RU	07.09.2010	07.09.2014	08.10.2014	0
0057228614.RU	REGRU-RU	23.02.2014	23.02.2015	26.03.2015	0
0058.RU	REGRU-RU	16.03.2011	16.03.2015	16.04.2015	1
0059.RU	REGRU-RU	09.09.2010	09.09.2015	10.10.2015	1
005KM.RU	RU-CENTER-RU	07.07.2011	07.07.2015	07.08.2015	1
005KRASYARSK.RU	RU-CENTER-RU	27.09.2011	27.09.2015	28.10.2015	1
005MEBEL.RU	RU-CENTER-RU	28.11.2009	28.11.2014	29.12.2014	1
005PRINT.RU	RU-CENTER-RU	26.03.2014	26.03.2015	26.04.2015	1
005RUB.RU	REGRU-RU	09.01.2014	09.01.2015	09.02.2015	1
005SPB.RU	RU-CENTER-RU	24.12.2010	24.12.2014	24.01.2015	0
006-SPB.RU	R01-RU	26.07.2011	26.07.2015	26.08.2015	1
006.RU	RU-CENTER-RU	20.04.2000	01.05.2015	01.06.2015	1
0060.RU	NAUNET-RU	30.11.2007	30.11.2014	31.12.2014	1
0060300.RU	REGRU-RU	16.04.2010	16.04.2015	17.05.2015	1
00606.RU	REGRU-RU	25.04.2014	25.04.2015	26.05.2015	1
0061.RU	REGTIME-RU	30.03.2014	30.03.2015	30.04.2015	1
0061900.RU	RU-CENTER-RU	12.01.2011	12.01.2015	12.02.2015	1
0062.RU	REGTIME-RU	30.03.2014	30.03.2015	30.04.2015	1
0063.RU	R01-RU	29.12.2006	29.12.2014	29.01.2015	1
0064.RU	R01-RU	17.06.2011	17.06.2015	18.07.2015	1
0065.RU	NAUNET-RU	24.07.2013	24.07.2015	24.08.2015	1
0066.RU	RU-CENTER-RU	28.09.2006	28.09.2015	29.10.2015	0
0067.RU	REGTIME-RU	12.12.2011	12.12.2014	12.01.2015	1
0068.RU	REGRU-RU	14.08.2012	14.08.2015	14.09.2015	1
0068049.RU	RU-CENTER-RU	17.11.2013	17.11.2014	18.12.2014	1
0069.RU	NAUNET-RU	31.12.2006	31.12.2014	31.01.2015	1
006GA.RU	R01-RU	07.07.2009	07.07.2015	07.08.2015	1
006INFO.RU	RU-CENTER-RU	25.03.2010	25.03.2015	25.04.2015	1
006KONTAKT.RU	RU-CENTER-RU	11.08.2014	11.08.2015	11.09.2015	1
006R00914.RU	REGRU-RU	18.08.2014	18.08.2015	18.09.2015	0
006SPB.RU	REGISTRANT-RU	05.07.2011	05.07.2015	05.08.2015	1
007-AD.RU	REGRU-RU	12.07.2014	12.07.2015	12.08.2015	1
007-ADS.RU	REGRU-RU	12.07.2014	12.07.2015	12.08.2015	1
007-AUTO.RU	REGRU-RU	07.03.2014	07.03.2015	07.04.2015	1
007-CONTEXT.RU	REGRU-RU	21.07.2014	21.07.2015	21.08.2015	1
007-CPA.RU	REGRU-RU	21.07.2014	21.07.2015	21.08.2015	1
007-CPC.RU	REGRU-RU	21.07.2014	21.07.2015	21.08.2015	1
007-DIRECT.RU	REGRU-RU	12.07.2014	12.07.2015	12.08.2015	1
007-DIREKT.RU	REGRU-RU	12.07.2014	12.07.2015	12.08.2015	1
007-FILM.RU	RU-CENTER-RU	05.04.2008	05.04.2015	06.05.2015	1
007-GROUP.RU	REGRU-RU	04.06.2013	04.06.2015	05.07.2015	1
007-KONTEKST.RU	REGRU-RU	21.07.2014	21.07.2015	21.08.2015	1
007-KOORDINATY-SKAIFOLL.RU	R01-RU	29.10.2013	29.10.2014	29.11.2014	1
007-MARKET.RU	REGRU-RU	03.06.2014	03.06.2015	04.07.2015	1
007-MOBILE.RU	RU-CENTER-RU	18.10.2009	18.10.2014	18.11.2014	1
007-MTS.RU	R01-RU	06.07.2014	06.07.2015	06.08.2015	1
007-POWER-BALANCE.RU	R01-RU	01.06.2014	01.06.2015	02.07.2015	1
007-REALTY.RU	REGRU-RU	04.06.2013	04.06.2015	05.07.2015	1
007-REKLAMA.RU	REGRU-RU	12.07.2014	12.07.2015	12.08.2015	1
007-SEO.RU	NAUNET-RU	23.03.2010	23.03.2015	23.04.2015	1
007-SERVICE.RU	REGRU-RU	09.06.2014	09.06.2015	10.07.2015	1
007-SHOP.RU	NAUNET-RU	18.01.2008	18.01.2015	18.02.2015	1
007-SKYFALL-ONLINE.RU	RU-CENTER-RU	27.11.2013	27.11.2014	28.12.2014	1
007-SMOTRI-COM.RU	REGRU-RU	11.12.2013	11.12.2014	11.01.2015	1
007-STUDIO.RU	REGRU-RU	24.09.2014	24.09.2015	25.10.2015	1
007-TAXI.RU	R01-RU	13.02.2008	13.02.2015	16.03.2015	1
007-WATCH.RU	RU-CENTER-RU	06.09.2013	06.09.2014	07.10.2014	1
007-WEB.RU	NAUNET-RU	23.03.2010	23.03.2015	23.04.2015	1
007.RU	RU-CENTER-RU	10.01.2003	10.01.2015	10.02.2015	1
0070.RU	RU-CENTER-RU	10.04.2007	10.04.2015	11.05.2015	1
00700.RU	RU-CENTER-RU	17.10.2013	17.10.2014	17.11.2014	1
0070000.RU	REGTIME-RU	18.06.2012	18.06.2015	19.07.2015	1
007007.RU	REGTIME-RU	13.07.2007	13.07.2015	13.08.2015	1
00709.RU	REGRU-RU	28.08.2013	28.08.2015	28.09.2015	0
0071.RU	RU-CENTER-RU	03.11.2010	03.11.2014	04.12.2014	1
0072.RU	REGRU-RU	09.09.2010	09.09.2015	10.10.2015	1
0073.RU	REGRU-RU	09.12.2012	09.12.2014	09.01.2015	1
0074.RU	RU-CENTER-RU	03.12.2007	03.12.2014	03.01.2015	1
00744.RU	REGTIME-RU	17.02.2011	17.02.2015	20.03.2015	1
007495.RU	RU-CENTER-RU	26.02.2008	26.02.2015	29.03.2015	1
007496.RU	RU-CENTER-RU	01.04.2008	01.04.2015	02.05.2015	1
0075.RU	REGTIME-RU	08.09.2010	08.09.2015	09.10.2015	1
0076.RU	REGRU-RU	09.09.2010	09.09.2015	10.10.2015	1
0076050.RU	RU-CENTER-RU	06.01.2013	06.01.2015	06.02.2015	1
0077.RU	RU-CENTER-RU	28.09.2006	28.09.2014	29.10.2014	1
00777.RU	RU-CENTER-RU	21.05.2010	21.05.2015	21.06.2015	1
0078.RU	REGRU-RU	19.12.2011	19.12.2014	19.01.2015	1
007812.RU	RU-CENTER-RU	12.02.2014	12.02.2015	15.03.2015	0
00786.RU	RU-CENTER-RU	03.06.2010	03.06.2015	04.07.2015	1
0079.RU	REGRU-RU	17.10.2012	17.10.2014	17.11.2014	1
007A.RU	REGTIME-RU	21.10.2008	21.10.2014	21.11.2014	1
007AD.RU	REGRU-RU	12.07.2014	12.07.2015	12.08.2015	1
007ADS.RU	REGRU-RU	02.05.2014	02.05.2015	02.06.2015	1
007AGENT.RU	RU-CENTER-RU	07.07.2011	07.07.2015	07.08.2015	1
007AN.RU	REGRU-RU	21.12.2012	21.12.2014	21.01.2015	0
007ART.RU	RU-CENTER-RU	22.11.2013	22.11.2014	23.12.2014	1
007AUTO.RU	REGRU-RU	16.07.2014	16.07.2015	16.08.2015	1
007BILET.RU	RU-CENTER-RU	13.04.2007	13.04.2015	14.05.2015	1
007BLOG.RU	REGTIME-RU	22.08.2013	22.08.2015	22.09.2015	1
007BOOKING.RU	R01-RU	10.02.2014	10.02.2015	13.03.2015	1
007BS.RU	R01-RU	14.07.2014	14.07.2015	14.08.2015	1
007BUY.RU	RU-CENTER-RU	06.10.2011	06.10.2014	06.11.2014	1
007CAR.RU	R01-RU	18.09.2014	18.09.2015	19.10.2015	1
007CASINO.RU	R01-RU	21.09.2014	21.09.2015	22.10.2015	1
007CHEL.RU	REGRU-RU	07.06.2010	07.06.2015	08.07.2015	1
007CLUB.RU	R01-RU	30.08.2011	30.08.2015	30.09.2015	1
007CN.RU	RU-CENTER-RU	10.05.2014	10.05.2015	10.06.2015	1
007CONTEXT.RU	REGRU-RU	21.07.2014	21.07.2015	21.08.2015	1
007CPA.RU	REGRU-RU	21.07.2014	21.07.2015	21.08.2015	1
007CPC.RU	REGRU-RU	21.07.2014	21.07.2015	21.08.2015	1
007DATA.RU	RU-CENTER-RU	03.05.2014	03.05.2015	03.06.2015	1
007DIRECT.RU	REGRU-RU	12.07.2014	12.07.2015	12.08.2015	1
007DIREKT.RU	REGRU-RU	12.07.2014	12.07.2015	12.08.2015	1
007DOM.RU	R01-RU	14.05.2009	14.05.2015	14.06.2015	1
007DR.RU	REGRU-RU	25.04.2014	25.04.2015	26.05.2015	1
007ENERGYDRINK.RU	RU-CENTER-RU	31.10.2013	31.10.2014	01.12.2014	0
007EVAKUATOR.RU	REGRU-RU	14.06.2013	14.06.2015	15.07.2015	1
007EX.RU	REGRU-RU	06.07.2014	06.07.2015	06.08.2015	1
007FILM.RU	REGTIME-RU	18.10.2008	18.10.2014	18.11.2014	1
007FORD.RU	REGRU-RU	29.08.2014	29.08.2015	29.09.2015	1
007G.RU	REGRU-RU	02.09.2013	02.09.2014	03.10.2014	1
007GA.RU	R01-RU	07.04.2014	07.04.2015	08.05.2015	1
007GIFTS.RU	REGTIME-RU	22.07.2009	22.07.2015	22.08.2015	1
007GO.RU	REGRU-RU	29.11.2012	29.11.2014	30.12.2014	1
007GROUP.RU	REGRU-RU	04.06.2013	04.06.2015	05.07.2015	1
007GSM.RU	REGTIME-RU	04.02.2009	04.02.2015	07.03.2015	1
007HOTEL.RU	REGRU-RU	03.09.2009	03.09.2015	04.10.2015	1
007I.RU	RU-CENTER-RU	22.10.2008	22.10.2014	22.11.2014	1
007J.RU	REGRU-RU	09.10.2012	09.10.2014	09.11.2014	1
007JAMESBOND.RU	REGRU-RU	25.09.2013	25.09.2014	26.10.2014	1
007KOLES.RU	REGTIME-RU	16.10.2013	16.10.2014	16.11.2014	1
007KONTEKST.RU	REGRU-RU	21.07.2014	21.07.2015	21.08.2015	1
007KOROLEVSTVO.RU	RU-CENTER-RU	28.08.2009	28.08.2015	28.09.2015	1
007MAIL.RU	NAUNET-RU	08.03.2013	08.03.2015	08.04.2015	1
007MARKET.RU	REGRU-RU	22.07.2011	22.07.2015	22.08.2015	1
007MASTER.RU	R01-RU	13.10.2011	13.10.2014	13.11.2014	1
007MEBEL.RU	REGRU-RU	04.09.2014	04.09.2015	05.10.2015	1
007MSK.RU	RU-CENTER-RU	14.11.2011	14.11.2014	15.12.2014	1
007MT.RU	RU-CENTER-RU	19.10.2013	19.10.2014	19.11.2014	1
007NOMER.RU	RU-CENTER-RU	05.09.2013	05.09.2015	06.10.2015	1
007OKNO.RU	REGISTRANT-RU	03.12.2009	03.12.2014	03.01.2015	1
007PEN.RU	R01-RU	11.08.2009	11.08.2015	11.09.2015	0
007PHONE.RU	RU-CENTER-RU	28.03.2012	28.03.2015	28.04.2015	0
007PIPI.RU	RU-CENTER-RU	31.10.2013	31.10.2014	01.12.2014	1
007PLATONOV.RU	RU-CENTER-RU	31.01.2014	31.01.2015	03.03.2015	1
007PR.RU	R01-RU	13.11.2008	13.11.2014	14.12.2014	1
007R.RU	R01-RU	15.02.2008	15.02.2015	18.03.2015	1
007RA.RU	REGRU-RU	28.01.2014	28.01.2015	28.02.2015	1
007REALTY.RU	REGRU-RU	04.06.2013	04.06.2015	05.07.2015	1
007REKLAMA.RU	REGRU-RU	12.07.2014	12.07.2015	12.08.2015	1
007REMONT.RU	RU-CENTER-RU	14.03.2008	14.03.2015	14.04.2015	1
007RU.RU	REGRU-RU	01.06.2010	01.06.2015	02.07.2015	1
007S.RU	R01-RU	19.12.2013	19.12.2014	19.01.2015	1
007SALON.RU	REGTIME-RU	28.09.2012	28.09.2015	29.10.2015	1
007SCHOOL.RU	RU-CENTER-RU	31.07.2012	31.07.2015	31.08.2015	1
007SEKRET.RU	RU-CENTER-RU	24.09.2013	24.09.2014	25.10.2014	1
007SEO.RU	NAUNET-RU	23.03.2010	23.03.2015	23.04.2015	1
007SERVICE.RU	RU-CENTER-RU	26.09.2013	26.09.2014	27.10.2014	1
007SEX.RU	NAUNET-RU	30.03.2010	30.03.2015	30.04.2015	1
007SHINA.RU	REGRU-RU	27.10.2013	27.10.2014	27.11.2014	0
007SHOES.RU	REGRU-RU	15.10.2013	15.10.2015	15.11.2015	1
007SHOP.RU	RU-CENTER-RU	13.09.2005	13.09.2015	14.10.2015	1
007SOFT.RU	R01-RU	27.02.2014	27.02.2015	30.03.2015	1
007SPB.RU	RU-CENTER-RU	08.11.2001	08.11.2014	09.12.2014	1
007SPY.RU	RU-CENTER-RU	24.03.2010	24.03.2015	24.04.2015	0
007STORE.RU	NAUNET-RU	03.11.2013	03.11.2014	04.12.2014	1
007STROY.RU	REGRU-RU	21.11.2013	21.11.2014	22.12.2014	1
007STUDIO.RU	NAUNET-RU	02.11.2013	02.11.2014	03.12.2014	1
007STYLE.RU	REGRU-RU	09.04.2010	09.04.2015	10.05.2015	1
007SYSTEM.RU	RU-CENTER-RU	28.03.2012	28.03.2015	28.04.2015	0
007TAXI.RU	RU-CENTER-RU	13.04.2007	13.04.2015	14.05.2015	1
007TEL.RU	RU-CENTER-RU	08.11.2013	08.11.2014	09.12.2014	1
007TRAVEL.RU	RU-CENTER-RU	24.07.2014	24.07.2015	24.08.2015	0
007TUR.RU	RU-CENTER-RU	27.12.2010	27.12.2014	27.01.2015	1
007UFA.RU	REGRU-RU	21.01.2013	21.01.2015	21.02.2015	1
007USA.RU	REGTIME-RU	11.05.2013	11.05.2015	11.06.2015	1
007V.RU	REGRU-RU	26.09.2008	26.09.2014	27.10.2014	1
007WAREZ.RU	RU-CENTER-RU	09.04.2014	09.04.2015	10.05.2015	1
007WEB.RU	NAUNET-RU	23.03.2010	23.03.2015	23.04.2015	1
007X.RU	R01-RU	01.07.2013	01.07.2015	01.08.2015	1
008.RU	RU-CENTER-RU	20.12.1996	01.01.2015	01.02.2015	1
0080.RU	REGRU-RU	05.03.2008	05.03.2015	05.04.2015	0
00800.RU	REGRU-RU	15.03.2012	15.03.2015	15.04.2015	1
0081.RU	R01-RU	18.02.2014	18.02.2015	21.03.2015	1
0082.RU	RU-CENTER-RU	13.10.2010	13.10.2014	13.11.2014	1
0083.RU	REGTIME-RU	30.03.2014	30.03.2015	30.04.2015	1
0084.RU	REGRU-RU	13.11.2013	13.11.2014	14.12.2014	1
0085.RU	RU-CENTER-RU	06.09.2013	06.09.2015	07.10.2015	1
0086.RU	REGRU-RU	25.09.2014	25.09.2015	26.10.2015	1
0086007.RU	R01-RU	05.04.2014	05.04.2015	06.05.2015	1
0087.RU	REGRU-RU	17.03.2014	17.03.2015	17.04.2015	1
0088.RU	REGRU-RU	28.09.2006	28.09.2015	29.10.2015	1
008800.RU	REGRU-RU	05.09.2013	05.09.2014	06.10.2014	1
00888.RU	REGISTRANT-RU	20.03.2013	20.03.2015	20.04.2015	1
0089.RU	REGTIME-RU	30.03.2014	30.03.2015	30.04.2015	1
008RU.RU	REGTIME-RU	11.09.2008	11.09.2015	12.10.2015	1
009.RU	RU-CENTER-RU	09.04.2002	09.04.2015	10.05.2015	1
0090.RU	REGRU-RU	05.03.2008	05.03.2015	05.04.2015	0
009009.RU	REGRU-RU	08.05.2014	08.05.2015	08.06.2015	1
00909.RU	REGRU-RU	08.03.2013	08.03.2015	08.04.2015	1
0091.RU	REGTIME-RU	08.03.2014	08.03.2015	08.04.2015	1
00911.RU	REGRU-RU	30.09.2012	30.09.2014	31.10.2014	1
0092.RU	REGRU-RU	19.08.2012	19.08.2015	19.09.2015	1
0093.RU	REGISTRATOR-RU	18.02.2014	18.02.2015	21.03.2015	1
0094.RU	R01-RU	01.04.2014	01.04.2015	02.05.2015	1
0095.RU	REGRU-RU	03.03.2011	03.03.2015	03.04.2015	1
0096.RU	R01-RU	18.08.2012	18.08.2015	18.09.2015	1
0097.RU	R01-RU	19.10.2010	19.10.2014	19.11.2014	0
0098.RU	NAUNET-RU	22.09.2011	22.09.2015	23.10.2015	1
0098V.RU	REGRU-RU	11.09.2013	11.09.2014	12.10.2014	1
0099.RU	RU-CENTER-RU	06.06.2005	06.06.2015	07.07.2015	1
00990.RU	REGRU-RU	22.05.2013	22.05.2015	22.06.2015	1
00990066.RU	REGRU-RU	02.07.2013	02.07.2015	02.08.2015	1
0099098.RU	RU-CENTER-RU	06.09.2011	06.09.2015	07.10.2015	1
009AM.RU	SALENAMES-RU	25.01.2012	25.01.2015	25.02.2015	1
009B.RU	RU-CENTER-RU	30.10.2008	30.10.2014	30.11.2014	1
009KRASNOYARSK.RU	REGRU-RU	17.01.2013	17.01.2015	17.02.2015	1
009LAB.RU	RU-CENTER-RU	29.04.2013	29.04.2015	30.05.2015	1
009MAY.RU	R01-RU	26.03.2014	26.03.2015	26.04.2015	1
009MSK.RU	RU-CENTER-RU	01.10.2004	02.10.2015	02.11.2015	1
009SPRAVKA.RU	R01-RU	15.12.2008	15.12.2014	15.01.2015	1
00A.RU	REGISTRATOR-RU	08.05.2014	08.05.2015	08.06.2015	1
00AA.RU	REGRU-RU	10.01.2014	10.01.2015	10.02.2015	1
00ALEX.RU	REGRU-RU	18.09.2012	18.09.2014	19.10.2014	1
00AM.RU	R01-RU	22.01.2012	22.01.2015	22.02.2015	1
00B.RU	R01-RU	07.12.2012	07.12.2014	07.01.2015	1
00B0.RU	REGRU-RU	16.03.2014	16.03.2015	16.04.2015	1
00BB.RU	REGRU-RU	31.05.2014	31.05.2015	01.07.2015	1
00C.RU	RU-CENTER-RU	07.12.2012	07.12.2014	07.01.2015	0
00CATS.RU	RU-CENTER-RU	14.02.2014	14.02.2015	17.03.2015	1
00CC.RU	REGRU-RU	31.05.2014	31.05.2015	01.07.2015	1
00D.RU	ARDIS-RU	16.01.2014	16.01.2015	16.02.2015	1
00D0.RU	REGRU-RU	16.03.2014	16.03.2015	16.04.2015	1
00DD.RU	REGRU-RU	16.03.2014	16.03.2015	16.04.2015	0
00E.RU	R01-RU	07.12.2012	07.12.2014	07.01.2015	1
00ELEN.RU	REGRU-RU	08.01.2013	08.01.2015	08.02.2015	0
00F.RU	RU-CENTER-RU	04.10.2007	04.10.2014	04.11.2014	1
00FF.RU	R01-RU	12.09.2008	12.09.2015	13.10.2015	1
00G.RU	ARDIS-RU	16.01.2014	16.01.2015	16.02.2015	1
00GAME.RU	REGRU-RU	28.01.2013	28.01.2015	28.02.2015	1
00GAY.RU	REGRU-RU	18.12.2012	18.12.2014	18.01.2015	1
00GG.RU	REGRU-RU	24.06.2014	24.06.2015	25.07.2015	1
00H.RU	R01-RU	05.09.2005	05.09.2015	06.10.2015	1
00HH.RU	NAUNET-RU	30.06.2010	30.06.2015	31.07.2015	1
00I.RU	RU-CENTER-RU	16.01.2014	16.01.2015	16.02.2015	0
00I0.RU	REGRU-RU	26.11.2010	26.11.2014	27.12.2014	1
00II.RU	REGRU-RU	16.03.2014	16.03.2015	16.04.2015	0
00IN.RU	REGRU-RU	31.01.2010	31.01.2015	03.03.2015	1
00IP.RU	REGRU-RU	26.11.2013	26.11.2015	27.12.2015	1
00J.RU	R01-RU	07.12.2012	07.12.2014	07.01.2015	1
00K.RU	R01-RU	07.11.2009	07.11.2015	08.12.2015	1
00K0.RU	REGRU-RU	16.03.2014	16.03.2015	16.04.2015	0
00KG.RU	R01-RU	09.01.2010	09.01.2015	09.02.2015	1
00KINO.RU	REGRU-RU	14.09.2013	14.09.2015	15.10.2015	1
00KK.RU	REGRU-RU	16.10.2008	16.10.2014	16.11.2014	0
00KM.RU	R01-RU	24.09.2013	24.09.2014	25.10.2014	1
00KO-FE.RU	NAUNET-RU	27.01.2014	27.01.2015	27.02.2015	1
00KOP.RU	RU-CENTER-RU	25.05.2006	25.05.2015	25.06.2015	1
00L.RU	ARDIS-RU	16.01.2014	16.01.2015	16.02.2015	1
00LAB.RU	REGRU-RU	16.03.2011	16.03.2015	16.04.2015	1
00LL.RU	REGRU-RU	16.03.2014	16.03.2015	16.04.2015	1
00M.RU	REGTIME-RU	12.11.2010	12.11.2014	13.12.2014	1
00MAIL.RU	REGRU-RU	10.07.2014	10.07.2015	10.08.2015	1
00MM.RU	REGRU-RU	31.05.2014	31.05.2015	01.07.2015	1
00MV.RU	RU-CENTER-RU	15.04.2014	15.04.2015	16.05.2015	1
00N.RU	SALENAMES-RU	13.03.2008	13.03.2015	13.04.2015	1
00NN.RU	REGRU-RU	31.05.2014	31.05.2015	01.07.2015	1
00O.RU	REGRU-RU	03.12.2013	03.12.2014	03.01.2015	1
00O0.RU	REGRU-RU	16.03.2014	16.03.2015	16.04.2015	1
00OK.RU	REGRU-RU	05.09.2011	05.09.2015	06.10.2015	1
00OO.RU	RU-CENTER-RU	21.12.2007	21.12.2014	21.01.2015	1
00OO00.RU	NAUNET-RU	08.08.2008	08.08.2015	08.09.2015	1
00P.RU	REGRU-RU	19.04.2012	19.04.2015	20.05.2015	1
00PS.RU	REGRU-RU	23.09.2009	23.09.2014	24.10.2014	1
00Q.RU	R01-RU	19.04.2012	19.04.2015	20.05.2015	1
00Q0.RU	REGRU-RU	16.03.2014	16.03.2015	16.04.2015	0
00QQ.RU	REGRU-RU	16.03.2014	16.03.2015	16.04.2015	0
00R.RU	REGRU-RU	21.01.2014	21.01.2015	21.02.2015	1
00RF.RU	RU-CENTER-RU	01.12.2009	01.12.2014	01.01.2015	1
00RR.RU	REGRU-RU	20.01.2011	20.01.2015	20.02.2015	1
00RU.RU	RU-CENTER-RU	24.05.2008	24.05.2015	24.06.2015	1
00RUS.RU	REGRU-RU	04.06.2013	04.06.2015	05.07.2015	1
00S.RU	REGRU-RU	17.01.2013	17.01.2015	17.02.2015	1
00S0.RU	REGRU-RU	16.03.2014	16.03.2015	16.04.2015	0
00SHOP.RU	REGRU-RU	18.12.2012	18.12.2014	18.01.2015	1
00SS.RU	REGRU-RU	29.10.2012	29.10.2015	29.11.2015	1
00T.RU	REGRU-RU	26.06.2013	26.06.2015	27.07.2015	1
00TV.RU	R01-RU	23.08.2010	23.08.2015	23.09.2015	1
00U.RU	REGRU-RU	11.06.2014	11.06.2015	12.07.2015	1
00UU.RU	REGRU-RU	31.05.2014	31.05.2015	01.07.2015	1
00V.RU	R01-RU	31.03.2007	31.03.2015	01.05.2015	1
00W.RU	R01-RU	31.03.2007	31.03.2015	01.05.2015	1
00WEB.RU	REGRU-RU	05.09.2012	05.09.2015	06.10.2015	1
00WW.RU	REGRU-RU	09.09.2014	09.09.2015	10.10.2015	1
00X.RU	R01-RU	27.01.2006	27.01.2015	27.02.2015	1
00XX.RU	RU-CENTER-RU	17.05.2008	17.05.2015	17.06.2015	1
00Y.RU	R01-RU	31.03.2007	31.03.2015	01.05.2015	1
00Z.RU	RU-CENTER-RU	25.01.2006	25.01.2015	25.02.2015	1
00Z0.RU	REGRU-RU	08.08.2014	08.08.2015	08.09.2015	1
00Z00.RU	REGRU-RU	09.11.2008	09.11.2014	10.12.2014	1
00ZZ.RU	R01-RU	17.04.2014	17.04.2015	18.05.2015	1
01-00.RU	REGRU-RU	21.06.2009	21.06.2015	22.07.2015	1
01-01.RU	R01-RU	27.08.2008	27.08.2015	27.09.2015	1
01-02-03.RU	REGRU-RU	04.05.2012	04.05.2015	04.06.2015	1
01-02.RU	RU-CENTER-RU	07.02.2007	07.02.2015	10.03.2015	1
01-05.RU	DOMENUS-RU	26.05.2011	26.05.2015	26.06.2015	1
01-06.RU	REGTIME-RU	07.04.2009	07.04.2015	08.05.2015	1
01-09.RU	RU-CENTER-RU	19.07.2010	19.07.2015	19.08.2015	1
01-10-2014.RU	REGRU-RU	28.09.2014	28.09.2015	29.10.2015	1
01-10.RU	RU-CENTER-RU	16.04.2008	16.04.2015	17.05.2015	1
01-11-2012.RU	REGTIME-RU	27.10.2012	27.10.2014	27.11.2014	1
01-112.RU	RU-CENTER-RU	03.12.2010	03.12.2014	03.01.2015	1
01-2.RU	R01-RU	15.12.2010	15.12.2014	15.01.2015	1
01-23.RU	R01-RU	29.11.2013	29.11.2014	30.12.2014	0
01-36.RU	REGRU-RU	22.03.2010	22.03.2015	22.04.2015	1
01-45.RU	NETFOX-RU	18.02.2012	18.02.2015	21.03.2015	1
01-89.RU	REGTIME-RU	27.02.2009	27.02.2015	30.03.2015	1
01-ALARM.RU	REGRU-RU	18.10.2012	18.10.2015	18.11.2015	1
01-ALARMS.RU	REGRU-RU	18.10.2012	18.10.2015	18.11.2015	1
01-ALMAG.RU	REGRU-RU	02.12.2013	02.12.2014	02.01.2015	1
01-ANDROID.RU	REGRU-RU	13.03.2014	13.03.2015	13.04.2015	1
01-AUDIT.RU	REGISTRATOR-RU	27.12.2007	27.12.2014	27.01.2015	1
01-C.RU	REGRU-RU	08.04.2013	08.04.2015	09.05.2015	1
01-CD.RU	REGRU-RU	19.06.2013	19.06.2015	20.07.2015	1
01-CENTR.RU	R01-RU	02.04.2014	02.04.2015	03.05.2015	1
01-DMD.RU	REGRU-RU	25.11.2012	25.11.2014	26.12.2014	1
01-DOORS.RU	REGRU-RU	07.04.2014	07.04.2015	08.05.2015	1
01-DVERI.RU	REGRU-RU	07.04.2014	07.04.2015	08.05.2015	1
01-ENERGO.RU	DOMENUS-RU	18.11.2010	18.11.2014	19.12.2014	1
01-EQUIP.RU	NAUNET-RU	26.04.2014	26.04.2015	27.05.2015	1
01-EXPERT.RU	R01-RU	18.01.2011	18.01.2015	18.02.2015	1
01-FIRE.RU	RU-CENTER-RU	09.08.2010	09.08.2015	09.09.2015	1
01-FOREX.RU	NAUNET-RU	11.11.2013	11.11.2014	12.12.2014	1
01-GAMES.RU	REGRU-RU	03.10.2013	03.10.2014	03.11.2014	1
01-GB.RU	REGRU-RU	21.06.2013	21.06.2015	22.07.2015	1
01-GEFEST.RU	REGRU-RU	16.04.2014	16.04.2015	17.05.2015	1
01-GROUP.RU	REGTIME-RU	31.12.2012	31.12.2014	31.01.2015	1
01-HELP.RU	R01-RU	10.01.2008	10.01.2015	10.02.2015	1
01-HOST.RU	NAUNET-RU	16.06.2008	16.06.2015	17.07.2015	1
01-INFO.RU	R01-RU	18.08.2008	18.08.2015	18.09.2015	1
01-JUNE-2014.RU	REGRU-RU	22.05.2014	22.05.2015	22.06.2015	1
01-KOVKA.RU	REGTIME-RU	10.04.2014	10.04.2015	11.05.2015	1
01-LIZEY.RU	R01-RU	15.05.2014	15.05.2015	15.06.2015	1
01-LUND.RU	REGRU-RU	04.02.2013	04.02.2015	07.03.2015	1
01-MAGAZIN.RU	REGTIME-RU	18.12.2011	18.12.2014	18.01.2015	1
01-MARKET.RU	REGRU-RU	20.03.2014	20.03.2015	20.04.2015	1
01-MAYKOP.RU	REGTIME-RU	04.09.2012	04.09.2015	05.10.2015	1
01-MEN.RU	RU-CENTER-RU	22.07.2014	22.07.2015	22.08.2015	0
01-MSK.RU	REGRU-RU	08.02.2011	08.02.2015	11.03.2015	1
01-NEWS.RU	R01-RU	26.08.2010	26.08.2015	26.09.2015	1
01-O-CLOCK.RU	REGRU-RU	16.04.2014	16.04.2015	17.05.2015	1
01-OBZOR.RU	REGRU-RU	14.12.2008	14.12.2014	14.01.2015	1
01-OLMIR.RU	REGRU-RU	26.05.2014	26.05.2015	26.06.2015	1
01-PB.RU	RU-CENTER-RU	11.04.2014	11.04.2015	12.05.2015	1
01-PLAN.RU	RU-CENTER-RU	10.09.2013	10.09.2015	11.10.2015	1
01-POKROV.RU	R01-RU	14.07.2013	14.07.2015	14.08.2015	1
01-PS.RU	REGRU-RU	27.05.2013	27.05.2015	27.06.2015	1
01-PULT.RU	REGRU-RU	22.11.2012	22.11.2014	23.12.2014	1
01-R.RU	RU-CENTER-RU	16.04.2008	16.04.2015	17.05.2015	1
01-REGION.RU	REGRU-RU	26.01.2014	26.01.2015	26.02.2015	1
01-RF.RU	REGRU-RU	28.01.2014	28.01.2015	28.02.2015	1
01-RU.RU	REGRU-RU	04.07.2014	04.07.2015	04.08.2015	1
01-RUS.RU	RU-CENTER-RU	11.09.2012	11.09.2015	12.10.2015	1
01-S.RU	NAUNET-RU	24.01.2013	24.01.2015	24.02.2015	1
01-SERVICE.RU	REGRU-RU	15.02.2011	15.02.2015	18.03.2015	1
01-SHOP.RU	REGRU-RU	11.12.2012	11.12.2014	11.01.2015	1
01-SPB.RU	REGRU-RU	04.02.2011	04.02.2015	07.03.2015	1
01-SRO.RU	RU-CENTER-RU	27.04.2012	27.04.2015	28.05.2015	1
01-SYSTEM.RU	R01-RU	10.10.2013	10.10.2015	10.11.2015	1
01-VIP.RU	REGRU-RU	31.05.2011	31.05.2015	01.07.2015	1
01-X.RU	REGRU-RU	25.09.2013	25.09.2014	26.10.2014	1
01.RU	RU-CENTER-RU	18.06.1999	01.07.2015	01.08.2015	1
010-1.RU	REGRU-RU	16.02.2014	16.02.2015	19.03.2015	1
010-BUS.RU	R01-RU	23.11.2010	23.11.2015	24.12.2015	1
010-N.RU	REGRU-RU	26.05.2013	26.05.2015	26.06.2015	1
010.RU	RU-CENTER-RU	14.08.2007	14.08.2015	14.09.2015	1
0100.RU	RU-CENTER-RU	17.06.2008	17.06.2015	18.07.2015	1
01000.RU	REGTIME-RU	01.02.2012	01.02.2015	04.03.2015	0
010000.RU	REGTIME-RU	01.02.2012	01.02.2015	04.03.2015	0
01001.RU	R01-RU	02.07.2014	02.07.2015	02.08.2015	1
01001001.RU	RU-CENTER-RU	20.12.2012	20.12.2014	20.01.2015	1
01001010.RU	REGTIME-RU	29.04.2014	29.04.2015	30.05.2015	1
01001COIN.RU	REGRU-RU	17.12.2013	17.12.2014	17.01.2015	1
01005.RU	RU-CENTER-RU	04.10.2012	04.10.2014	04.11.2014	1
01007.RU	REGRU-RU	12.07.2014	12.07.2015	12.08.2015	1
0100IRK.RU	REGRU-RU	22.12.2013	22.12.2014	22.01.2015	1
0101.RU	RU-CENTER-RU	07.07.2003	07.07.2015	07.08.2015	1
01010.RU	REGGI-RU	09.10.2003	09.10.2014	09.11.2014	1
0101001.RU	RU-CENTER-RU	25.06.2014	25.06.2015	26.07.2015	1
010101.RU	RU-CENTER-RU	19.08.2005	19.08.2015	19.09.2015	1
0101010.RU	NETFOX-RU	28.02.2013	28.02.2015	31.03.2015	1
01010101.RU	REGRU-RU	28.06.2013	28.06.2015	29.07.2015	1
01011001.RU	REGISTRATOR-RU	12.08.2009	12.08.2015	12.09.2015	1
01011011101.RU	R01-RU	06.01.2014	06.01.2015	06.02.2015	1
010155.RU	REGRU-RU	14.03.2013	14.03.2015	14.04.2015	1
0101ALL.RU	REGTIME-RU	10.02.2014	10.02.2015	13.03.2015	1
0101CONTROL.RU	RU-CENTER-RU	22.05.2008	22.05.2015	22.06.2015	1
0101IM.RU	REGRU-RU	23.04.2014	23.04.2015	24.05.2015	1
0101KONTROL.RU	RU-CENTER-RU	22.05.2008	22.05.2015	22.06.2015	1
0102-SB.RU	DOMENUS-RU	27.09.2013	27.09.2015	28.10.2015	1
0102.RU	DOMENUS-RU	25.04.2005	25.04.2015	26.05.2015	1
010203.RU	R01-RU	24.05.2008	24.05.2015	24.06.2015	1
01020304.RU	REGISTRATOR-RU	13.12.2012	13.12.2014	13.01.2015	0
0102IM.RU	REGRU-RU	23.04.2014	23.04.2015	24.05.2015	1
0103.RU	NAUNET-RU	14.04.2008	14.04.2015	15.05.2015	1
010313.RU	REGISTRANT-RU	07.04.2014	07.04.2015	08.05.2015	1
0103911.RU	REGRU-RU	06.11.2013	06.11.2014	07.12.2014	1
0103IM.RU	REGRU-RU	23.04.2014	23.04.2015	24.05.2015	1
0104.RU	REGRU-RU	10.05.2012	10.05.2015	10.06.2015	1
0104IM.RU	REGRU-RU	23.04.2014	23.04.2015	24.05.2015	1
0105.RU	REGTIME-RU	10.07.2010	10.07.2015	10.08.2015	1
010580.RU	REGRU-RU	08.07.2013	08.07.2015	08.08.2015	1
0105L.RU	REGRU-RU	27.05.2014	27.05.2015	27.06.2015	1
0106.RU	NAUNET-RU	27.04.2008	27.04.2015	28.05.2015	1
0107.RU	REGRU-RU	30.08.2012	30.08.2015	30.09.2015	1
01072014.RU	REGTIME-RU	13.08.2014	13.08.2015	13.09.2015	1
0108.RU	REGRU-RU	06.12.2010	06.12.2014	06.01.2015	1
0109.RU	RU-CENTER-RU	29.11.2002	29.11.2014	30.12.2014	1
010CODE.RU	RU-CENTER-RU	14.08.2013	14.08.2015	14.09.2015	1
011-1.RU	R01-RU	17.02.2014	17.02.2015	20.03.2015	1
011.RU	REGRU-RU	04.06.2013	04.06.2015	05.07.2015	1
0110.RU	REGRU-RU	04.12.2013	04.12.2014	04.01.2015	1
01101.RU	REGRU-RU	14.06.2012	14.06.2015	15.07.2015	1
011010.RU	RU-CENTER-RU	21.10.2013	21.10.2014	21.11.2014	1
01101001.RU	R01-RU	10.05.2014	10.05.2015	10.06.2015	1
011011.RU	REGRU-RU	21.08.2014	21.08.2015	21.09.2015	1
0111.RU	RU-CENTER-RU	09.07.2006	09.07.2015	09.08.2015	1
01110.RU	R01-RU	08.07.2012	08.07.2015	08.08.2015	1
01111010.RU	REGRU-RU	25.10.2012	25.10.2014	25.11.2014	1
0112.RU	REGRU-RU	10.06.2014	10.06.2015	11.07.2015	1
01121.RU	R01-RU	18.09.2014	18.09.2015	19.10.2015	1
01123.RU	REGRU-RU	15.12.2013	15.12.2014	15.01.2015	1
0112358.RU	RU-CENTER-RU	16.07.2014	16.07.2015	16.08.2015	0
0113.RU	REGRU-RU	31.10.2012	31.10.2014	01.12.2014	1
0113038.RU	REGRU-RU	18.07.2012	18.07.2015	18.08.2015	1
0114.RU	RU-CENTER-RU	25.04.2014	25.04.2015	26.05.2015	0
0115.RU	REGTIME-RU	02.01.2014	02.01.2015	02.02.2015	1
0116.RU	REGTIME-RU	12.06.2014	12.06.2015	13.07.2015	1
01161.RU	R01-RU	29.07.2013	29.07.2015	29.08.2015	1
0117.RU	REGRU-RU	10.07.2013	10.07.2015	10.08.2015	1
0118.RU	REGTIME-RU	12.06.2014	12.06.2015	13.07.2015	1
0119.RU	REGRU-RU	14.09.2011	14.09.2015	15.10.2015	1
011CODE.RU	REGRU-RU	01.10.2014	01.10.2015	01.11.2015	1
012.RU	RU-CENTER-RU	04.02.2003	05.02.2015	08.03.2015	1
0120.RU	REGRU-RU	08.10.2011	08.10.2014	08.11.2014	1
012014.RU	REGRU-RU	02.09.2013	02.09.2014	03.10.2014	1
0121.RU	SALENAMES-RU	22.02.2013	22.02.2015	25.03.2015	1
0122.RU	R01-RU	14.12.2012	14.12.2014	14.01.2015	1
0123.RU	RU-CENTER-RU	22.03.2004	22.03.2015	22.04.2015	1
01234.RU	R01-RU	07.11.2008	07.11.2015	08.12.2015	1
012340.RU	REGRU-RU	17.03.2013	17.03.2015	17.04.2015	1
012345.RU	RU-CENTER-RU	23.09.2002	23.09.2015	24.10.2015	1
0123456.RU	REGRU-RU	05.10.2011	05.10.2015	05.11.2015	1
01234567.RU	REGRU-RU	06.12.2011	06.12.2014	06.01.2015	1
0123456789.RU	RU-CENTER-RU	29.11.2011	29.11.2014	30.12.2014	1
01234567890.RU	NAUNET-RU	27.12.2010	27.12.2014	27.01.2015	0
0124.RU	REGTIME-RU	17.07.2013	17.07.2015	17.08.2015	1
0125.RU	RU-CENTER-RU	30.03.2008	30.03.2015	30.04.2015	1
0126.RU	REGTIME-RU	12.06.2014	12.06.2015	13.07.2015	1
0127.RU	REGRU-RU	14.07.2011	14.07.2015	14.08.2015	1
0128.RU	NAUNET-RU	10.05.2008	10.05.2015	10.06.2015	1
0129.RU	REGISTRATOR-RU	19.03.2010	19.03.2015	19.04.2015	1
01298347921.RU	REGTIME-RU	19.12.2013	19.12.2014	19.01.2015	1
012983928391.RU	REGRU-RU	18.06.2014	18.06.2015	19.07.2015	1
012BABY.RU	REGRU-RU	12.09.2013	12.09.2014	13.10.2014	1
012GA.RU	REGRU-RU	27.10.2009	27.10.2015	27.11.2015	1
013.RU	REGRU-RU	05.06.2013	05.06.2015	06.07.2015	1
0130.RU	REGRU-RU	06.05.2008	06.05.2015	06.06.2015	1
0131.RU	REGRU-RU	29.05.2014	29.05.2015	29.06.2015	1
0132.RU	RU-CENTER-RU	13.08.2012	13.08.2015	13.09.2015	0
0133.RU	NAUNET-RU	10.05.2008	10.05.2015	10.06.2015	1
013303.RU	REGTIME-RU	23.06.2014	23.06.2015	24.07.2015	1
0134.RU	REGRU-RU	22.08.2014	22.08.2015	22.09.2015	1
0135.RU	RU-CENTER-RU	24.01.2014	24.01.2015	24.02.2015	1
0136.RU	REGRU-RU	23.08.2014	23.08.2015	23.09.2015	1
013666.RU	REGRU-RU	23.02.2014	23.02.2015	26.03.2015	1
0137.RU	R01-RU	20.12.2007	20.12.2014	20.01.2015	1
0138.RU	REGRU-RU	10.04.2013	10.04.2015	11.05.2015	1
0139.RU	REGRU-RU	10.04.2013	10.04.2015	11.05.2015	1
014.RU	RU-CENTER-RU	06.03.2007	06.03.2015	06.04.2015	1
0140.RU	DOMENUS-RU	13.02.2013	13.02.2015	16.03.2015	1
0141.RU	REGRU-RU	28.04.2013	28.04.2015	29.05.2015	1
0142.RU	REGTIME-RU	02.01.2014	02.01.2015	02.02.2015	1
0143.RU	REGTIME-RU	02.01.2014	02.01.2015	02.02.2015	1
0145.RU	NETFOX-RU	18.02.2012	18.02.2015	21.03.2015	1
0146.RU	REGRU-RU	24.09.2013	24.09.2015	25.10.2015	1
0147.RU	REGRU-RU	10.07.2013	10.07.2015	10.08.2015	1
0149.RU	REGRU-RU	24.09.2013	24.09.2014	25.10.2014	1
014BUZZSET.RU	NAUNET-RU	19.01.2014	19.01.2015	19.02.2015	1
014GOOD4YOUDORIK.RU	R01-RU	12.06.2014	12.06.2015	13.07.2015	1
014MINIDOR4IKGOOD.RU	R01-RU	12.06.2014	12.06.2015	13.07.2015	1
014TIMEDORIKALL.RU	R01-RU	12.06.2014	12.06.2015	13.07.2015	1
015.RU	RU-CENTER-RU	28.08.2003	28.08.2015	28.09.2015	1
0150.RU	REGRU-RU	08.10.2011	08.10.2014	08.11.2014	1
0151.RU	REGRU-RU	10.07.2013	10.07.2015	10.08.2015	1
0152.RU	R01-RU	23.11.2012	23.11.2014	24.12.2014	1
0153.RU	REGTIME-RU	20.08.2011	20.08.2015	20.09.2015	1
0154.RU	R01-RU	06.11.2013	06.11.2014	07.12.2014	1
0155.RU	REGRU-RU	24.09.2013	24.09.2014	25.10.2014	1